rank	variant_id	chrom	position	ref	alt	r2	is_sentinel	gene_name	cell_type	max_effect	n_layers_affected	convergence	ref_activity	composite	top_layer	top_track	layer_chromatin_accessibility	layer_tf_binding	layer_histone_marks	layer_tss_activity
1	rs12740374	chr1	109274968	G	T	1.0	True	SORT1		0.448772616438793	4	1.0	7100.160369873047	0.9637908479474196	chromatin_accessibility	DNASE/EFO:0001187 DNase-seq/.	0.448772616438793	0.37914684526775916	0.18046065103773604	0.2502715176962487
2	rs4970836	chr1	109279175	G	A	0.907	False	SORT1		-0.4112960389321519	1	1.0	1663.2347393035889	0.5906193389182286	tss_activity	CAGE/hCAGE EFO:0001187/-	-0.04197661011228667	-0.03153065022295628	-0.014854134217131934	-0.4112960389321519
3	rs1624712	chr1	109275908	C	T	1.0	False	SORT1		0.11988847790810184	1	1.0	6307.097793579102	0.4889719818290569	chromatin_accessibility	DNASE/EFO:0001187 DNase-seq/.	0.11988847790810184	0.05201695776761416	0.022606795117991865	0.03234371932083384
4	rs660240	chr1	109275216	T	C	0.9509	False	SORT1		0.07498438207367555	0	0.0	8366.05044555664	0.24923389708792512	tss_activity	CAGE/hCAGE EFO:0001187/-	0.06940445056073397	0.027949247621140007	0.028508539669648513	0.07498438207367555
5	rs142678968	chr1	109275536	C	T	0.9509	False	SORT1		-0.044265076177028594	0	0.0	7491.533386230469	0.19950138929986436	tss_activity	CAGE/hCAGE EFO:0001187/+	-0.027427190228622476	-0.01558154119886184	-0.00544157190483703	-0.044265076177028594
6	rs1626484	chr1	109275684	G	T	1.0	False	SORT1		0.06555128641694863	0	0.0	6736.718902587891	0.19503869605646737	tss_activity	CAGE/hCAGE EFO:0001187/+	0.003076367605421201	0.007020427677772346	-0.003016613834862859	0.06555128641694863
7	rs7528419	chr1	109274570	A	G	1.0	False	SORT1		0.02025489403056331	0	0.0	7343.522354125977	0.1759480986644622	histone_marks	CHIP_HISTONE/EFO:0001187 Histone ChIP-seq H3K27ac/.	0.0175110205796991	0.011250603214469981	0.02025489403056331	0.011336017367016128
8	rs602633	chr1	109278889	T	G	0.8582	False	SORT1		0.037676554984590965	0	0.0	1992.9338874816895	0.0369196385307045	chromatin_accessibility	DNASE/EFO:0001187 DNase-seq/.	0.037676554984590965	0.03280278998239651	0.0005454423660012687	0.017605048388730272
9	rs56960352	chr1	109278685	G	T	0.907	False	SORT1		-0.013797129636557269	0	0.0	2083.002414703369	0.020281519009478482	chromatin_accessibility	DNASE/EFO:0001187 DNase-seq/.	-0.013797129636557269	-0.005070989547421977	-0.0016568169959519275	-0.009665641994231028
10	rs599839	chr1	109279544	G	A	0.907	False	SORT1		0.02124773370403933	0	0.0	1373.950360774994	0.005995076740506837	tf_binding	CHIP_TF/EFO:0001187 TF ChIP-seq CEBPA genetically modified (insertion) using CRISPR targeting H. sapiens CEBPA/.	0.003756363097798627	0.02124773370403933	0.0002638432781473491	0.014720638897971615
11	rs1277930	chr1	109279521	G	A	0.907	False	SORT1		-0.019014624583864038	0	0.0	1396.2388277053833	0.00483575385375162	tss_activity	CAGE/hCAGE EFO:0001187/-	-0.004728104425952894	-0.01562500876887417	0.00025950086244774746	-0.019014624583864038
